{
  "project_info": {
    "project_number": "426504796094",
    "project_id": "easy-snack",
    "storage_bucket": "easy-snack.appspot.com"
  },
  "client": [
    {
      "client_info": {
        "mobilesdk_app_id": "1:426504796094:android:6acfef5b3189720d49abef",
        "android_client_info": {
          "package_name": "com.example.easysnack"
        }
      },
      "oauth_client": [],
      "api_key": [
        {
          "current_key": "AIzaSyD-IHfAxFyLH7beMRl49gvKXngvSGw-Zdw"
        }
      ],
      "services": {
        "appinvite_service": {
          "other_platform_oauth_client": []
        }
      }
    }
  ],
  "configuration_version": "1"
}